{"root":[{"assemblyName":"Assembly-CSharp","nameSpace":"","className":"CamoAbility","methodName":"InitializeRPCS_CamoAbility","loadTypes":0,"isUnityClass":false},{"assemblyName":"Assembly-CSharp","nameSpace":"","className":"Flashlight","methodName":"InitializeRPCS_Flashlight","loadTypes":0,"isUnityClass":false},{"assemblyName":"Assembly-CSharp","nameSpace":"","className":"LightSwitchController","methodName":"InitializeRPCS_LightSwitchController","loadTypes":0,"isUnityClass":false},{"assemblyName":"Assembly-CSharp","nameSpace":"","className":"InteractionManager","methodName":"InitializeRPCS_InteractionManager","loadTypes":0,"isUnityClass":false},{"assemblyName":"Assembly-CSharp","nameSpace":"","className":"GameManager","methodName":"InitializeRPCS_GameManager","loadTypes":0,"isUnityClass":false},{"assemblyName":"Assembly-CSharp","nameSpace":"","className":"MovementCop","methodName":"InitializeRPCS_MovementCop","loadTypes":0,"isUnityClass":false},{"assemblyName":"Assembly-CSharp","nameSpace":"","className":"MovementRobber","methodName":"InitializeRPCS_MovementRobber","loadTypes":0,"isUnityClass":false},{"assemblyName":"Assembly-CSharp","nameSpace":"","className":"RobbingManager","methodName":"InitializeRPCS_RobbingManager","loadTypes":0,"isUnityClass":false},{"assemblyName":"Assembly-CSharp","nameSpace":"__GEN","className":"NetworkVariableSerializationHelper","methodName":"InitializeSerialization","loadTypes":0,"isUnityClass":false},{"assemblyName":"Cinemachine","nameSpace":"Cinemachine","className":"CinemachineStoryboard","methodName":"InitializeModule","loadTypes":0,"isUnityClass":false},{"assemblyName":"Cinemachine","nameSpace":"Cinemachine","className":"CinemachineCore","methodName":"InitializeModule","loadTypes":0,"isUnityClass":false},{"assemblyName":"Cinemachine","nameSpace":"Cinemachine","className":"UpdateTracker","methodName":"InitializeModule","loadTypes":0,"isUnityClass":false},{"assemblyName":"Cinemachine","nameSpace":"Cinemachine","className":"CinemachineImpulseManager","methodName":"InitializeModule","loadTypes":0,"isUnityClass":false},{"assemblyName":"Cinemachine","nameSpace":"Cinemachine.PostFX","className":"CinemachineVolumeSettings","methodName":"InitializeModule","loadTypes":0,"isUnityClass":false},{"assemblyName":"Unity.Collections","nameSpace":"","className":"$BurstDirectCallInitializer","methodName":"Initialize","loadTypes":2,"isUnityClass":true},{"assemblyName":"Unity.InputSystem","nameSpace":"UnityEngine.InputSystem","className":"InputSystem","methodName":"RunInitializeInPlayer","loadTypes":4,"isUnityClass":true},{"assemblyName":"Unity.InputSystem","nameSpace":"UnityEngine.InputSystem","className":"InputSystem","methodName":"RunInitialUpdate","loadTypes":1,"isUnityClass":true},{"assemblyName":"Unity.Multiplayer.Samples.Utilities.ClientAuthority","nameSpace":"__GEN","className":"NetworkVariableSerializationHelper","methodName":"InitializeSerialization","loadTypes":0,"isUnityClass":true},{"assemblyName":"Unity.Multiplayer.Samples.Utilities","nameSpace":"Unity.Multiplayer.Samples.Utilities","className":"LoadingProgressManager","methodName":"InitializeRPCS_LoadingProgressManager","loadTypes":0,"isUnityClass":true},{"assemblyName":"Unity.Multiplayer.Samples.Utilities","nameSpace":"Unity.Multiplayer.Samples.Utilities","className":"SceneLoaderWrapper","methodName":"InitializeRPCS_SceneLoaderWrapper","loadTypes":0,"isUnityClass":true},{"assemblyName":"Unity.Multiplayer.Samples.Utilities","nameSpace":"__GEN","className":"NetworkVariableSerializationHelper","methodName":"InitializeSerialization","loadTypes":0,"isUnityClass":true},{"assemblyName":"Unity.Multiplayer.Tools.Adapters.Ngo1","nameSpace":"Unity.Multiplayer.Tools.Adapters.Ngo1","className":"Ngo1AdapterInitializer","methodName":"InitializeAdapter","loadTypes":0,"isUnityClass":true},{"assemblyName":"Unity.Multiplayer.Tools.Adapters.Ngo1","nameSpace":"__GEN","className":"NetworkVariableSerializationHelper","methodName":"InitializeSerialization","loadTypes":0,"isUnityClass":true},{"assemblyName":"Unity.Multiplayer.Tools.Initialization","nameSpace":"Unity.Multiplayer.Tools.Context","className":"ContextsInitializer","methodName":"EnableRuntimeContexts","loadTypes":0,"isUnityClass":true},{"assemblyName":"Unity.Multiplayer.Tools.NetworkProfiler.Runtime","nameSpace":"Unity.Multiplayer.Tools.NetworkProfiler.Runtime","className":"ProfilerAdapterEventListener","methodName":"SubscribeToAdapterAndMetricEvents","loadTypes":0,"isUnityClass":true},{"assemblyName":"Unity.Netcode.Components","nameSpace":"Unity.Netcode.Components","className":"NetworkAnimator","methodName":"InitializeRPCS_NetworkAnimator","loadTypes":0,"isUnityClass":true},{"assemblyName":"Unity.Netcode.Components","nameSpace":"Unity.Netcode.Components","className":"NetworkTransform","methodName":"InitializeRPCS_NetworkTransform","loadTypes":0,"isUnityClass":true},{"assemblyName":"Unity.Netcode.Components","nameSpace":"__GEN","className":"NetworkVariableSerializationHelper","methodName":"InitializeSerialization","loadTypes":0,"isUnityClass":true},{"assemblyName":"Unity.Netcode.Runtime","nameSpace":"Unity.Netcode","className":"NetworkUpdateLoop","methodName":"Initialize","loadTypes":4,"isUnityClass":true},{"assemblyName":"Unity.Netcode.Runtime","nameSpace":"Unity.Netcode","className":"NetworkVariableSerializationTypes","methodName":"InitializeIntegerSerialization","loadTypes":2,"isUnityClass":true},{"assemblyName":"Unity.Netcode.Runtime","nameSpace":"__GEN","className":"INetworkMessageHelper","methodName":"InitializeMessages","loadTypes":0,"isUnityClass":true},{"assemblyName":"Unity.RenderPipelines.Core.Runtime","nameSpace":"UnityEngine.Experimental.Rendering","className":"XRSystem","methodName":"XRSystemInit","loadTypes":3,"isUnityClass":true},{"assemblyName":"Unity.RenderPipelines.Core.Runtime","nameSpace":"UnityEngine.Rendering","className":"DebugUpdater","methodName":"RuntimeInit","loadTypes":0,"isUnityClass":true},{"assemblyName":"Unity.Services.Authentication","nameSpace":"Unity.Services.Authentication","className":"AuthenticationPackageInitializer","methodName":"Register","loadTypes":1,"isUnityClass":true},{"assemblyName":"Unity.Services.Core","nameSpace":"Unity.Services.Core","className":"UnityThreadUtils","methodName":"CaptureUnityThreadInfo","loadTypes":4,"isUnityClass":true},{"assemblyName":"Unity.Services.Core.Internal","nameSpace":"Unity.Services.Core.Internal","className":"TaskAsyncOperation","methodName":"SetScheduler","loadTypes":1,"isUnityClass":true},{"assemblyName":"Unity.Services.Core.Internal","nameSpace":"Unity.Services.Core.Internal","className":"UnityServicesInitializer","methodName":"CreateStaticInstance","loadTypes":2,"isUnityClass":true},{"assemblyName":"Unity.Services.Core.Internal","nameSpace":"Unity.Services.Core.Internal","className":"UnityServicesInitializer","methodName":"EnableServicesInitializationAsync","loadTypes":0,"isUnityClass":true},{"assemblyName":"Unity.Services.Core.Registration","nameSpace":"Unity.Services.Core.Registration","className":"CorePackageInitializer","methodName":"Register","loadTypes":1,"isUnityClass":true},{"assemblyName":"Unity.Services.Lobbies","nameSpace":"Unity.Services.Lobbies","className":"LobbyServiceProvider","methodName":"Register","loadTypes":1,"isUnityClass":true},{"assemblyName":"Unity.Services.Lobbies","nameSpace":"Unity.Services.Lobbies.Scheduler","className":"ThreadHelper","methodName":"Init","loadTypes":1,"isUnityClass":true},{"assemblyName":"Unity.Services.Lobbies","nameSpace":"Unity.Services.Lobbies.Http","className":"JsonHelpers","methodName":"RegisterTypesForAOT","loadTypes":3,"isUnityClass":true},{"assemblyName":"Unity.Services.QoS","nameSpace":"Unity.Services.Qos","className":"QosPackageInitializer","methodName":"Register","loadTypes":1,"isUnityClass":true},{"assemblyName":"Unity.Services.QoS","nameSpace":"Unity.Services.Qos.Scheduler","className":"EngineStateHelper","methodName":"Init","loadTypes":1,"isUnityClass":true},{"assemblyName":"Unity.Services.QoS","nameSpace":"Unity.Services.Qos.Scheduler","className":"ThreadHelper","methodName":"Init","loadTypes":1,"isUnityClass":true},{"assemblyName":"Unity.Services.QoS","nameSpace":"Unity.Services.Qos.Http","className":"JsonHelpers","methodName":"RegisterTypesForAOT","loadTypes":3,"isUnityClass":true},{"assemblyName":"Unity.Services.Relay","nameSpace":"Unity.Services.Relay","className":"RelayServiceProvider","methodName":"Register","loadTypes":1,"isUnityClass":true},{"assemblyName":"Unity.Services.Relay","nameSpace":"Unity.Services.Relay.Scheduler","className":"EngineStateHelper","methodName":"Init","loadTypes":1,"isUnityClass":true},{"assemblyName":"Unity.Services.Relay","nameSpace":"Unity.Services.Relay.Scheduler","className":"ThreadHelper","methodName":"Init","loadTypes":1,"isUnityClass":true},{"assemblyName":"Unity.Services.Relay","nameSpace":"Unity.Services.Relay.Http","className":"JsonHelpers","methodName":"RegisterTypesForAOT","loadTypes":3,"isUnityClass":true},{"assemblyName":"Unity.VisualScripting.Core","nameSpace":"Unity.VisualScripting","className":"RuntimeVSUsageUtility","methodName":"RuntimeInitializeOnLoadBeforeSceneLoad","loadTypes":1,"isUnityClass":true}]}
